{
  "context": {
    "intent_description": "Produce MOTUS-HUMAN-SPEC-V0.1.md with Rust type definitions, deterministic algorithms, integer-only permille scoring formulas, and integration with verify_bundle.",
    "lens_quality_aggregate": 400,
    "lock_level": "Committed"
  },
  "expected": {
    "check_id": "HUMILITY-0.1",
    "expected_failure_codes": [
      "HUMILITY_UNCERTAINTY_UNDERSTATED",
      "HUMILITY_LOW_SCORE"
    ],
    "expected_flags": [],
    "expected_passed": false,
    "expected_score": 465
  }
}