{
  "context": {
    "budgets": {
      "max_total_tokens_per_report": 500
    },
    "intent_description": "Produce MOTUS-HUMAN-SPEC-V0.1.md with Rust type definitions, deterministic algorithms, integer-only permille scoring formulas, and integration with verify_bundle.",
    "lens_quality_aggregate": 800,
    "lock_level": "Committed",
    "strict_mode": true
  },
  "expected": {
    "check_id": "EMPATHY-0.1",
    "expected_failure_codes": [
      "EMPATHY_LOW_SCORE"
    ],
    "expected_flags": [
      "ROBFACTOR:0"
    ],
    "expected_passed": false,
    "expected_score": 0
  }
}