{
  "context": {
    "intent_description": "Produce MOTUS-HUMAN-SPEC-V0.1.md with Rust type definitions, deterministic algorithms, integer-only permille scoring formulas, and integration with verify_bundle.",
    "lock_level": "Committed"
  },
  "expected": {
    "check_id": "FITNESS-0.1",
    "expected_failure_codes": [
      "FITNESS_LOW_SCORE",
      "FITNESS_SUBJECTIVE_REQUIRES_HUMAN"
    ],
    "expected_flags": [
      "FIT_SUBJECTIVE"
    ],
    "expected_passed": false,
    "expected_score": 523
  }
}