{
  "context_notes": "This is for Motus engineers implementing deterministic Rust algorithms and bundle verification; clarity matters.",
  "criteria": [
    {
      "criterion_id": "F1",
      "description": "Spec compiles as Rust types and algorithms (deterministic)",
      "evidence": "evidence/tests/rust_compile.log",
      "kind": "Deterministic"
    },
    {
      "criterion_id": "F2",
      "description": "Tone is appropriate and not misleading (subjective)",
      "evidence": "evidence/human/approvals/fitness_human_approval.json",
      "kind": "HumanJudgment"
    }
  ],
  "subjective_flags": [
    "tone"
  ],
  "version": "FITNESS-0.1"
}