{
  "claim_tagging": {
    "output_artifact_path": "artifacts/out/final_output.md",
    "tag_pattern": "\\[\\[CLAIM:([A-Za-z0-9_-]{1,32})\\]\\]",
    "tagging_version": "CAP-0.1"
  },
  "claims": [
    {
      "claim_id": "C1",
      "claim_type": "Fact",
      "confidence": 800,
      "numeric_literal": null,
      "quote_text": null,
      "sources": [
        {
          "excerpt": null,
          "kind": "EvidenceFile",
          "ref_id": "evidence/human/sources/src.txt",
          "sha256": "f4f24c2ce06ac544b2b4b2e70df75524a29ef2724eb710dc987f99f9e04c1e68"
        }
      ],
      "statement": "Statement one."
    },
    {
      "claim_id": "C2",
      "claim_type": "Fact",
      "confidence": 800,
      "numeric_literal": null,
      "quote_text": null,
      "sources": [
        {
          "excerpt": null,
          "kind": "EvidenceFile",
          "ref_id": "evidence/human/sources/src.txt",
          "sha256": "f4f24c2ce06ac544b2b4b2e70df75524a29ef2724eb710dc987f99f9e04c1e68"
        }
      ],
      "statement": "Statement two."
    }
  ],
  "coverage_declared": 1000,
  "version": "TRUTH-0.1"
}