{
  "context": {
    "intent_description": "Produce MOTUS-HUMAN-SPEC-V0.1.md with Rust type definitions, deterministic algorithms, integer-only permille scoring formulas, and integration with verify_bundle.",
    "lens_quality_aggregate": 800,
    "lock_level": "Committed",
    "truth_require_claim_tags": true
  },
  "expected": {
    "check_id": "TRUTH-0.1",
    "expected_failure_codes": [
      "TRUTH_COVERAGE_OVERSTATED"
    ],
    "expected_flags": [
      "CAP_TAGS_PRESENT"
    ],
    "expected_passed": false,
    "expected_score": 865
  }
}