{
  "claims": [
    {
      "claim_id": "C1",
      "claim_type": "Quote",
      "confidence": 800,
      "numeric_literal": null,
      "quote_text": "Goodbye world",
      "sources": [
        {
          "excerpt": null,
          "kind": "EvidenceFile",
          "ref_id": "evidence/human/sources/source1.txt",
          "sha256": "337ecc709aba31ae0e58efb0a34ce84bf4cc69b45322d28dbad64c16eb8cbf3f"
        }
      ],
      "statement": "The source says something important."
    }
  ],
  "coverage_declared": 900,
  "version": "TRUTH-0.1"
}