{
  "context": {
    "allow_user_assertion_sources": true,
    "intent_description": "Produce MOTUS-HUMAN-SPEC-V0.1.md with Rust type definitions, deterministic algorithms, integer-only permille scoring formulas, and integration with verify_bundle.",
    "lens_quality_aggregate": 800,
    "lock_level": "Published"
  },
  "expected": {
    "check_id": "TRUTH-0.1",
    "expected_failure_codes": [
      "TRUTH_QUOTE_NOT_FOUND",
      "TRUTH_LOW_SCORE"
    ],
    "expected_flags": [],
    "expected_passed": false,
    "expected_score": 690
  }
}