{
  "context_notes": "This is for Rust engineers implementing Motus; clarity, determinism, and verifiability matter more than tone.",
  "criteria": [
    {
      "criterion_id": "F1",
      "description": "Spec compiles as Rust types and algorithms (deterministic)",
      "evidence": "evidence/tests/rust_compile.log",
      "kind": "Deterministic"
    },
    {
      "criterion_id": "F2",
      "description": "Tone is appropriate and not misleading (subjective)",
      "evidence": null,
      "kind": "HumanJudgment"
    }
  ],
  "subjective_flags": [
    "tone"
  ],
  "version": "FITNESS-0.1"
}