{
  "confusion_risks": "Ambiguity in definitions, anchors, or evidence formats will make deterministic verification hard.",
  "needs": "They need integer-only permille scoring formulas, deterministic algorithms, and integration steps for verify_bundle.",
  "prior_knowledge": "They know Rust, hashing, and Motus bundles, but want precise definitions and formulas.",
  "recipient": "Motus engineers implementing HUMAN checks in Rust with deterministic algorithms and verify_bundle integration.",
  "trust_builders": "Provide evidence paths, receipts, and verify steps with sources, tests, and citations.",
  "version": "EMPATHY-0.1"
}