{
  "assumptions": [
    "The consumer of these specs prefers deterministic checklists to vague guidance.",
    "Some qualities (tone/brand/legal) still require HITL until we have a signing model.",
    "Lens quality aggregate is available by DECIDE and is trustworthy enough for calibration."
  ],
  "human_double_checks": [
    "Review subjective FITNESS criteria (tone, brand, legal) before publishing.",
    "Spot-check TRUTH claims that are high-impact but sourced from low-reliability inputs."
  ],
  "uncertainties": [
    "Exact permille thresholds may need empirical tuning on real workloads.",
    "Some domains require richer provenance models than REL-0.1.",
    "Claim coverage heuristics can undercount structured outputs."
  ],
  "uncertainty_permille": 800,
  "version": "HUMILITY-0.1"
}